Workbook

Sheet Product Backlog
A1: Product Backlog priorizado — Grupo de Estudio Duoc UC
A2: Product Owner: Alan Martínez · Estado al 4 de octubre de 2026 (cierre del Sprint 6). Orden = prioridad dentro del backlog (1 = más importante).
A4: Orden | B4: ID | C4: Épica | D4: Historia de usuario | E4: Criterios de aceptación | F4: Prioridad (MoSCoW) | G4: Puntos | H4: Sprint | I4: Estado | J4: Evidencia
A5: 1 | B5: HU-01 | C5: E1 · Autenticación y cuenta | D5: Como estudiante, quiero registrarme con mi correo @duocuc.cl, para usar la app dentro de mi comunidad. | E5: • Solo acepta correos @duocuc.cl. • La contraseña tiene al menos 8 caracteres. • Si el correo ya existe, avisa sin crear otra cuenta. • Pide nombre, carrera, jornada y nivel de inglés. | F5: Must | G5: 3 | H5: Sprint 5 | I5: Hecho | J5: POST /auth/registro · PA-05 a PA-10
A6: 2 | B6: HU-02 | C6: E1 · Autenticación y cuenta | D6: Como usuario, quiero iniciar sesión, para entrar a mi panel según mi rol. | E6: • Con credenciales correctas abre el panel de estudiante o de administrador. • Ante un error responde siempre "Correo o contraseña incorrectos". • Bloquea tras 5 intentos fallidos en un minuto. | F6: Must | G6: 3 | H6: Sprint 5 | I6: Hecho | J6: POST /auth/login · PA-11 a PA-13
A7: 3 | B7: HU-04 | C7: E1 · Autenticación y cuenta | D7: Como usuario, quiero cerrar sesión, para proteger mi cuenta en un equipo compartido. | E7: • Borra los tokens guardados. • Vuelve a la pantalla de inicio de sesión. | F7: Must | G7: 1 | H7: Sprint 5 | I7: Hecho | J7: Ajustes · prueba manual
A8: 4 | B8: HU-07 | C8: E2 · Evaluación diagnóstica | D8: Como estudiante, quiero rendir una evaluación diagnóstica de lectura y escritura, para conocer mi nivel de inglés. | E8: • Debo responder todas las preguntas. • Las respuestas correctas no llegan a la app. • Solo se rinde una vez. | F8: Must | G8: 5 | H8: Sprint 6 | I8: Hecho | J8: GET /diagnostico, POST /diagnostico/respuestas · PA-44 y PA-47
A9: 5 | B9: HU-08 | C9: E2 · Evaluación diagnóstica | D9: Como estudiante, quiero ver mi resultado con fortalezas, aspectos a reforzar y recomendaciones, para saber qué estudiar. | E9: • Muestra puntaje, nivel A1–C2 y resultado por competencia. • El nivel asignado se guarda en mi perfil. • Recomienda un grupo de mi nivel. | F9: Must | G9: 3 | H9: Sprint 6 | I9: Hecho | J9: GET /diagnostico/resultado · PA-45 y PA-46
A10: 6 | B10: HU-09 | C10: E3 · Grupos de estudio | D10: Como estudiante, quiero crear un grupo de estudio de mi nivel, para estudiar con otros compañeros. | E10: • El servidor genera un código DUOC-#### único. • Quedo como integrante del grupo. | F10: Must | G10: 3 | H10: Sprint 5 | I10: Hecho | J10: POST /grupos · PA-25 y PA-26
A11: 7 | B11: HU-10 | C11: E3 · Grupos de estudio | D11: Como estudiante, quiero unirme a un grupo con un código de invitación, para entrar al grupo de mis compañeros. | E11: • Avisa si el código no existe, si ya soy integrante o si el grupo está lleno. • Nunca se superan 6 integrantes, aunque varios se unan a la vez. | F11: Must | G11: 3 | H11: Sprint 5 | I11: Hecho | J11: POST /grupos/unirse · PA-30 a PA-34
A12: 8 | B12: HU-12 | C12: E3 · Grupos de estudio | D12: Como integrante, quiero ver el detalle de mi grupo y sus integrantes, para saber con quién estudio. | E12: • Muestra integrantes, código, tests y encuentros del grupo. | F12: Must | G12: 2 | H12: Sprint 5 | I12: Hecho | J12: GET /grupos/{id} · PA-29
A13: 9 | B13: HU-14 | C13: E4 · Tests semanales | D13: Como integrante, quiero ver los tests semanales de mi nivel con su estado, para saber qué tengo pendiente. | E13: • Muestra solo los tests publicados del nivel de mis grupos. • Indica pendiente o completado, puntaje y fecha límite. | F13: Must | G13: 3 | H13: Sprint 6 | I13: Hecho | J13: GET /tests · PA-49 y PA-50
A14: 10 | B14: HU-15 | C14: E4 · Tests semanales | D14: Como integrante, quiero resolver un test semanal y ver mi puntaje, para medir mi avance. | E14: • El servidor califica; las respuestas correctas no llegan a la app. • No puedo responder tests de otro nivel ni repetir uno ya rendido. | F14: Must | G14: 3 | H14: Sprint 6 | I14: Hecho | J14: GET /tests/{id}, POST /tests/{id}/respuestas · PA-51 a PA-53
A15: 11 | B15: HU-16 | C15: E5 · Coordinación de encuentros | D15: Como integrante, quiero proponer un encuentro presencial u online, para estudiar junto a mi grupo. | E15: • Pide tema, fecha futura, duración (15 a 240 min) y lugar o enlace https. • Quien propone queda confirmado. • Solo integrantes del grupo. | F15: Must | G15: 3 | H15: Sprint 6 | I15: Hecho | J15: POST /grupos/{id}/encuentros · PA-54 a PA-57
A16: 12 | B16: HU-17 | C16: E5 · Coordinación de encuentros | D16: Como integrante, quiero confirmar o rechazar mi asistencia, para que el grupo sepa quién irá. | E16: • Puedo cambiar mi respuesta. • El grupo ve la respuesta de cada integrante. | F16: Must | G16: 2 | H16: Sprint 6 | I16: Hecho | J16: PUT /encuentros/{id}/asistencia · PA-58 y PA-59
... A40: 36 | B40: HT-08 | C40: E9 · Calidad y operación (historias técnicas) | D40: Como institución, queremos el sistema en un servidor con HTTPS, para usarlo fuera del computador del equipo. | E40: • Despliegue en la nube con HTTPS/WSS (RNF-B07). | F40: Won't | G40: 5 | H40: Futuro | I40: Trabajo futuro | J40: Fuera de alcance: proyecto sin presupuesto

Sheet Épicas
A1: Avance por épica
A3: ID | B3: Épica | C3: Objetivo | D3: Historias | E3: Puntos | F3: Puntos hechos | G3: Avance
A4: E1 | B4: Autenticación y cuenta | C4: Acceso seguro solo para la comunidad Duoc UC. | D4: =COUNTIF('Product Backlog'!$C$5:$C$40,"E1 · Autenticación y cuenta") -> 6 | E4: =SUMIF('Product Backlog'!$C$5:$C$40,"E1 · Autenticación y cuenta",'Product Backlog'!$G$5:$G$40) -> 17 | F4: =SUMIFS('Product Backlog'!$G$5:$G$40,'Product Backlog'!$C$5:$C$40,"E1 · Autenticación y cuenta",'Product Backlog'!$I$5:$I$40,"Hecho") -> 12 | G4: =IF(E4=0,0,F4/E4) -> 0.70588235
A5: E2 | B5: Evaluación diagnóstica | C5: Que el estudiante conozca su nivel real de inglés y qué reforzar. | D5: =COUNTIF('Product Backlog'!$C$5:$C$40,"E2 · Evaluación diagnóstica") -> 2 | E5: =SUMIF('Product Backlog'!$C$5:$C$40,"E2 · Evaluación diagnóstica",'Product Backlog'!$G$5:$G$40) -> 8 | F5: =SUMIFS('Product Backlog'!$G$5:$G$40,'Product Backlog'!$C$5:$C$40,"E2 · Evaluación diagnóstica",'Product Backlog'!$I$5:$I$40,"Hecho") -> 8 | G5: =IF(E5=0,0,F5/E5) -> 1
A6: E3 | B6: Grupos de estudio | C6: Reunir a estudiantes del mismo nivel en grupos pequeños. | D6: =COUNTIF('Product Backlog'!$C$5:$C$40,"E3 · Grupos de estudio") -> 5 | E6: =SUMIF('Product Backlog'!$C$5:$C$40,"E3 · Grupos de estudio",'Product Backlog'!$G$5:$G$40) -> 12 | F6: =SUMIFS('Product Backlog'!$G$5:$G$40,'Product Backlog'!$C$5:$C$40,"E3 · Grupos de estudio",'Product Backlog'!$I$5:$I$40,"Hecho") -> 12 | G6: =IF(E6=0,0,F6/E6) -> 1
A7: E4 | B7: Tests semanales | C7: Dar al grupo una rutina de práctica medible. | D7: =COUNTIF('Product Backlog'!$C$5:$C$40,"E4 · Tests semanales") -> 2 | E7: =SUMIF('Product Backlog'!$C$5:$C$40,"E4 · Tests semanales",'Product Backlog'!$G$5:$G$40) -> 6 | F7: =SUMIFS('Product Backlog'!$G$5:$G$40,'Product Backlog'!$C$5:$C$40,"E4 · Tests semanales",'Product Backlog'!$I$5:$I$40,"Hecho") -> 6 | G7: =IF(E7=0,0,F7/E7) -> 1
A8: E5 | B8: Coordinación de encuentros | C8: Organizar instancias de estudio compartido. | D8: =COUNTIF('Product Backlog'!$C$5:$C$40,"E5 · Coordinación de encuentros") -> 4 | E8: =SUMIF('Product Backlog'!$C$5:$C$40,"E5 · Coordinación de encuentros",'Product Backlog'!$G$5:$G$40) -> 8 | F8: =SUMIFS('Product Backlog'!$G$5:$G$40,'Product Backlog'!$C$5:$C$40,"E5 · Coordinación de encuentros",'Product Backlog'!$I$5:$I$40,"Hecho") -> 8 | G8: =IF(E8=0,0,F8/E8) -> 1
A9: E6 | B9: Administración | C9: Que la coordinación académica gestione usuarios y contenido. | D9: =COUNTIF('Product Backlog'!$C$5:$C$40,"E6 · Administración") -> 5 | E9: =SUMIF('Product Backlog'!$C$5:$C$40,"E6 · Administración",'Product Backlog'!$G$5:$G$40) -> 13 | F9: =SUMIFS('Product Backlog'!$G$5:$G$40,'Product Backlog'!$C$5:$C$40,"E6 · Administración",'Product Backlog'!$I$5:$I$40,"Hecho") -> 13 | G9: =IF(E9=0,0,F9/E9) -> 1
A10: E7 | B10: Comunidad | C10: Conectar a los estudiantes entre sí fuera de los grupos. | D10: =COUNTIF('Product Backlog'!$C$5:$C$40,"E7 · Comunidad") -> 2 | E10: =SUMIF('Product Backlog'!$C$5:$C$40,"E7 · Comunidad",'Product Backlog'!$G$5:$G$40) -> 11 | F10: =SUMIFS('Product Backlog'!$G$5:$G$40,'Product Backlog'!$C$5:$C$40,"E7 · Comunidad",'Product Backlog'!$I$5:$I$40,"Hecho") -> 0 | G10: =IF(E10=0,0,F10/E10) -> 0
A11: E8 | B11: Preferencias | C11: Adaptar la app a cada usuario. | D11: =COUNTIF('Product Backlog'!$C$5:$C$40,"E8 · Preferencias") -> 2 | E11: =SUMIF('Product Backlog'!$C$5:$C$40,"E8 · Preferencias",'Product Backlog'!$G$5:$G$40) -> 3 | F11: =SUMIFS('Product Backlog'!$G$5:$G$40,'Product Backlog'!$C$5:$C$40,"E8 · Preferencias",'Product Backlog'!$I$5:$I$40,"Hecho") -> 3 | G11: =IF(E11=0,0,F11/E11) -> 1
A12: E9 | B12: Calidad y operación (historias técnicas) | C12: Que el sistema sea seguro, probado y fácil de ejecutar. | D12: =COUNTIF('Product Backlog'!$C$5:$C$40,"E9 · Calidad y operación (historias técnicas)") -> 8 | E12: =SUMIF('Product Backlog'!$C$5:$C$40,"E9 · Calidad y operación (historias técnicas)",'Product Backlog'!$G$5:$G$40) -> 34 | F12: =SUMIFS('Product Backlog'!$G$5:$G$40,'Product Backlog'!$C$5:$C$40,"E9 · Calidad y operación (historias técnicas)",'Product Backlog'!$I$5:$I$40,"Hecho") -> 16 | G12: =IF(E12=0,0,F12/E12) -> 0.47058824
B13: Total | D13: =SUM(D4:D12) -> 36 | E13: =SUM(E4:E12) -> 112 | F13: =SUM(F4:F12) -> 78 | G13: =IF(E13=0,0,F13/E13) -> 0.69642857

Sheet Sprints
A1: Historias y puntos por sprint
A3: Sprint | B3: Semanas | C3: Objetivo del sprint | D3: Historias | E3: Puntos
A4: Sprint 3-4 | B4: S7–S10 | C4: Interfaz completa con datos simulados: 16 pantallas, sistema de diseño y preferencias. | D4: =COUNTIF('Product Backlog'!$H$5:$H$40,"Sprint 3-4") -> 1 | E4: =SUMIF('Product Backlog'!$H$5:$H$40,"Sprint 3-4",'Product Backlog'!$G$5:$G$40) -> 1
A5: Sprint 5 | B5: S11–S12 | C5: Autenticación real, contrato compartido, base de datos en Docker y grupos de estudio conectados a la API. | D5: =COUNTIF('Product Backlog'!$H$5:$H$40,"Sprint 5") -> 12 | E5: =SUMIF('Product Backlog'!$H$5:$H$40,"Sprint 5",'Product Backlog'!$G$5:$G$40) -> 30
A6: Sprint 5-6 | B6: S11–S14 | C6: Pruebas automatizadas del API, construidas en ambos sprints. | D6: =COUNTIF('Product Backlog'!$H$5:$H$40,"Sprint 5-6") -> 1 | E6: =SUMIF('Product Backlog'!$H$5:$H$40,"Sprint 5-6",'Product Backlog'!$G$5:$G$40) -> 5
A7: Sprint 6 | B7: S13–S14 | C7: Diagnóstico, tests semanales, encuentros, panel de administración, prueba de carga y app web en Docker. | D7: =COUNTIF('Product Backlog'!$H$5:$H$40,"Sprint 6") -> 16 | E7: =SUMIF('Product Backlog'!$H$5:$H$40,"Sprint 6",'Product Backlog'!$G$5:$G$40) -> 42
A8: Sprint 7 | B8: S16–S17 | C8: Fase 3: piloto con estudiantes y ajustes. | D8: =COUNTIF('Product Backlog'!$H$5:$H$40,"Sprint 7") -> 1 | E8: =SUMIF('Product Backlog'!$H$5:$H$40,"Sprint 7",'Product Backlog'!$G$5:$G$40) -> 5
A9: Futuro | B9: — | C9: Fuera del MVP: chat, recuperación de contraseña, respuestas abiertas y despliegue en la nube. | D9: =COUNTIF('Product Backlog'!$H$5:$H$40,"Futuro") -> 5 | E9: =SUMIF('Product Backlog'!$H$5:$H$40,"Futuro",'Product Backlog'!$G$5:$G$40) -> 29
C10: Total | D10: =SUM(D4:D9) -> 36 | E10: =SUM(E4:E9) -> 112
A12: El total debe coincidir con el de la hoja Épicas; si no, revisa que el Sprint de cada historia esté escrito igual que en esta tabla.

Sheet Leyenda
A1: Cómo leer este backlog
A2: Historia (HU) | B2: Funcionalidad vista por el usuario, con el formato "Como <rol>, quiero <acción>, para <beneficio>".
A3: Historia técnica (HT) | B3: Trabajo habilitante que no ve el usuario directamente (pruebas, contenedores, despliegue).
A4: Prioridad (MoSCoW) | B4: Must: imprescindible para el MVP · Should: importante · Could: deseable · Won't: fuera de esta versión.
A5: Orden | B5: Prioridad dentro del backlog, de 1 (más importante) en adelante.
A6: Puntos | B6: Esfuerzo relativo en escala de Fibonacci (1, 2, 3, 5, 8), estimado por el equipo.
A7: Sprint | B7: Sprint en que la historia quedó terminada de punta a punta (interfaz, API y pruebas).
A8: Estado | B8: Hecho · Parcial · Pendiente · Trabajo futuro. Se edita con la lista desplegable; las hojas Épicas y Sprints se recalculan solas.
A9: Evidencia | B9: Endpoint, archivo o caso del plan de pruebas (PA-xx) que demuestra la historia.
A10: Para editar | B10: Cambia solo las columnas Prioridad, Puntos, Sprint y Estado de la hoja Product Backlog; el resto de las hojas usa fórmulas.
